{
    "ROC-A": {
        "adv_stats": {
            "OffensiveRating": 88.38383838383838,
            "DefensiveRating": 73.32071901608326,
            "NetRating": 15.063119367755121,
            "Pace": 83.85999999999999,
            "eFG": 0.40601503759398494,
            "TOV": 0.18718801996672213,
            "ORP": 0.29545454545454547,
            "FTR": 0.39849624060150374,
            "Op-eFG": 0.3715277777777778,
            "Op-TOV": 0.17193208682570385,
            "Op-ORP": 0.20481927710843373,
            "Op-FTR": 0.1597222222222222
        },
        "team_totals": {
            "fieldGoalsMade": 48,
            "fieldGoalsAttempted": 133,
            "threePointersMade": 12,
            "freeThrowsAttempted": 53,
            "turnovers": 36,
            "squadOffensiveRebounds": 26,
            "squadDefensiveRebounds": 66,
            "fastBreakPoints": 21,
            "pointsOffTurnovers": 22,
            "secondChancePoints": 15,
            "benchPoints": 60,
            "largestLead": 26,
            "largestScoringRun": 32,
            "leadChanges": 3,
            "pointsInPaint": 60,
            "Op-fieldGoalsMade": 48,
            "Op-fieldGoalsAttempted": 144,
            "Op-threePointersMade": 11,
            "Op-freeThrowsAttempted": 23,
            "Op-turnovers": 32,
            "Op-squadOffensiveRebounds": 17,
            "Op-squadDefensiveRebounds": 62,
            "Op-fastBreakPoints": 19,
            "Op-pointsOffTurnovers": 28,
            "Op-secondChancePoints": 17,
            "Op-benchPoints": 59,
            "Op-largestLead": 27,
            "Op-largestScoringRun": 18,
            "Op-leadChanges": 3,
            "Op-pointsInPaint": 58,
            "teamMinutesPlayed": 400.0,
            "Op-teamMinutesPlayed": 400.0,
            "possessions": 166.32,
            "Op-possessions": 169.12,
            "score": 147,
            "Op-score": 124
        }
    },
    "ROC-WUG": {
        "adv_stats": {
            "OffensiveRating": 83.97776703721604,
            "DefensiveRating": 92.48350612629595,
            "NetRating": -8.50573908907991,
            "Pace": 83.82,
            "eFG": 0.4117647058823529,
            "TOV": 0.1798169136878814,
            "ORP": 0.23376623376623376,
            "FTR": 0.2426470588235294,
            "Op-eFG": 0.4154929577464789,
            "Op-TOV": 0.15755234803821916,
            "Op-ORP": 0.3068181818181818,
            "Op-FTR": 0.38028169014084506
        },
        "team_totals": {
            "fieldGoalsMade": 48,
            "fieldGoalsAttempted": 136,
            "threePointersMade": 16,
            "freeThrowsAttempted": 33,
            "turnovers": 33,
            "squadOffensiveRebounds": 18,
            "squadDefensiveRebounds": 61,
            "fastBreakPoints": 20,
            "pointsOffTurnovers": 18,
            "secondChancePoints": 12,
            "benchPoints": 62,
            "largestLead": 23,
            "largestScoringRun": 18,
            "leadChanges": 0,
            "pointsInPaint": 46,
            "Op-fieldGoalsMade": 51,
            "Op-fieldGoalsAttempted": 142,
            "Op-threePointersMade": 16,
            "Op-freeThrowsAttempted": 54,
            "Op-turnovers": 31,
            "Op-squadOffensiveRebounds": 27,
            "Op-squadDefensiveRebounds": 59,
            "Op-fastBreakPoints": 14,
            "Op-pointsOffTurnovers": 17,
            "Op-secondChancePoints": 22,
            "Op-benchPoints": 62,
            "Op-largestLead": 21,
            "Op-largestScoringRun": 30,
            "Op-leadChanges": 0,
            "Op-pointsInPaint": 64,
            "teamMinutesPlayed": 400.0,
            "Op-teamMinutesPlayed": 400.0,
            "possessions": 165.52,
            "Op-possessions": 169.76,
            "score": 139,
            "Op-score": 157
        }
    },
    "Japan": {
        "adv_stats": {
            "OffensiveRating": 107.17726396917146,
            "DefensiveRating": 75.48618219037871,
            "NetRating": 31.69108177879275,
            "Pace": 80.6,
            "eFG": 0.49050632911392406,
            "TOV": 0.1399440223910436,
            "ORP": 0.4788732394366197,
            "FTR": 0.20253164556962025,
            "Op-eFG": 0.3902439024390244,
            "Op-TOV": 0.20549553781117896,
            "Op-ORP": 0.2028985507246377,
            "Op-FTR": 0.22764227642276422
        },
        "team_totals": {
            "fieldGoalsMade": 67,
            "fieldGoalsAttempted": 158,
            "threePointersMade": 21,
            "freeThrowsAttempted": 32,
            "turnovers": 28,
            "squadOffensiveRebounds": 34,
            "squadDefensiveRebounds": 55,
            "fastBreakPoints": 23,
            "pointsOffTurnovers": 16,
            "secondChancePoints": 29,
            "benchPoints": 92,
            "largestLead": 65,
            "largestScoringRun": 40,
            "leadChanges": 9,
            "pointsInPaint": 76,
            "Op-fieldGoalsMade": 42,
            "Op-fieldGoalsAttempted": 123,
            "Op-threePointersMade": 12,
            "Op-freeThrowsAttempted": 28,
            "Op-turnovers": 35,
            "Op-squadOffensiveRebounds": 14,
            "Op-squadDefensiveRebounds": 37,
            "Op-fastBreakPoints": 8,
            "Op-pointsOffTurnovers": 14,
            "Op-secondChancePoints": 6,
            "Op-benchPoints": 38,
            "Op-largestLead": 10,
            "Op-largestScoringRun": 15,
            "Op-leadChanges": 9,
            "Op-pointsInPaint": 54,
            "teamMinutesPlayed": 400.0,
            "Op-teamMinutesPlayed": 400.0,
            "possessions": 166.08,
            "Op-possessions": 156.32,
            "score": 178,
            "Op-score": 118
        }
    },
    "South Korea": {
        "adv_stats": {
            "OffensiveRating": 105.59113726847846,
            "DefensiveRating": 87.47464503042596,
            "NetRating": 18.1164922380525,
            "Pace": 77.95333333333333,
            "eFG": 0.5,
            "TOV": 0.13649107274605282,
            "ORP": 0.37037037037037035,
            "FTR": 0.14545454545454545,
            "Op-eFG": 0.4236453201970443,
            "Op-TOV": 0.18008932430485522,
            "Op-ORP": 0.3504273504273504,
            "Op-FTR": 0.27586206896551724
        },
        "team_totals": {
            "fieldGoalsMade": 94,
            "fieldGoalsAttempted": 220,
            "threePointersMade": 32,
            "freeThrowsAttempted": 32,
            "turnovers": 37,
            "squadOffensiveRebounds": 40,
            "squadDefensiveRebounds": 76,
            "fastBreakPoints": 30,
            "pointsOffTurnovers": 33,
            "secondChancePoints": 42,
            "benchPoints": 94,
            "largestLead": 60,
            "largestScoringRun": 33,
            "leadChanges": 10,
            "pointsInPaint": 118,
            "Op-fieldGoalsMade": 74,
            "Op-fieldGoalsAttempted": 203,
            "Op-threePointersMade": 24,
            "Op-freeThrowsAttempted": 56,
            "Op-turnovers": 50,
            "Op-squadOffensiveRebounds": 41,
            "Op-squadDefensiveRebounds": 68,
            "Op-fastBreakPoints": 22,
            "Op-pointsOffTurnovers": 14,
            "Op-secondChancePoints": 29,
            "Op-benchPoints": 75,
            "Op-largestLead": 11,
            "Op-largestScoringRun": 31,
            "Op-leadChanges": 10,
            "Op-pointsInPaint": 76,
            "teamMinutesPlayed": 600.0,
            "Op-teamMinutesPlayed": 600.0,
            "possessions": 231.07999999999998,
            "Op-possessions": 236.64,
            "score": 244,
            "Op-score": 207
        }
    },
    "Philippines": {
        "adv_stats": {
            "OffensiveRating": 83.64001338240213,
            "DefensiveRating": 101.13835376532401,
            "NetRating": -17.49834038292188,
            "Pace": 77.92,
            "eFG": 0.42961165048543687,
            "TOV": 0.1684241359109549,