{
    "ROC-A": {
        "OffensiveRating": 93.24265028521282,
        "DefensiveRating": 68.44547563805105,
        "Pace": 88.68,
        "eFG": 0.5285714285714286,
        "TOV": 0.1645458534444932,
        "ORP": 0.0,
        "FTR": 0.2,
        "Op-eFG": 0.3958333333333333,
        "Op-TOV": 0.17738359201773835,
        "Op-ORP": 0.6666666666666666,
        "Op-FTR": 0.06944444444444445,
        "squadId": 11374
    },
    "ROC-WUG": {
        "OffensiveRating": 85.45034642032333,
        "DefensiveRating": 104.85651214128036,
        "Pace": 88.6,
        "eFG": 0.484375,
        "TOV": 0.1940639269406393,
        "ORP": 0.3333333333333333,
        "FTR": 0.234375,
        "Op-eFG": 0.5316455696202531,
        "Op-TOV": 0.10460251046025106,
        "Op-ORP": 0.5555555555555556,
        "Op-FTR": 0.189873417721519,
        "squadId": 11375
    },
    "Japan": {
        "OffensiveRating": 113.13708260105449,
        "DefensiveRating": 63.603322949117334,
        "Pace": 84.03999999999999,
        "eFG": 0.5833333333333334,
        "TOV": 0.14135702746365103,
        "ORP": 0.6153846153846154,
        "FTR": 0.20512820512820512,
        "Op-eFG": 0.32727272727272727,
        "Op-TOV": 0.23445212240868704,
        "Op-ORP": 0.4444444444444444,
        "Op-FTR": 0.2909090909090909,
        "squadId": 11376
    },
    "South Korea": {
        "OffensiveRating": 104.85651214128036,
        "DefensiveRating": 85.45034642032333,
        "Pace": 88.6,
        "eFG": 0.5316455696202531,
        "TOV": 0.10460251046025106,
        "ORP": 0.5555555555555556,
        "FTR": 0.189873417721519,
        "Op-eFG": 0.484375,
        "Op-TOV": 0.1940639269406393,
        "Op-ORP": 0.3333333333333333,
        "Op-FTR": 0.234375,
        "squadId": 11377
    },
    "Philippines": {
        "OffensiveRating": 68.44547563805105,
        "DefensiveRating": 93.24265028521282,
        "Pace": 88.68,
        "eFG": 0.3958333333333333,
        "TOV": 0.17738359201773835,
        "ORP": 0.6666666666666666,
        "FTR": 0.06944444444444445,
        "Op-eFG": 0.5285714285714286,
        "Op-TOV": 0.1645458534444932,
        "Op-ORP": 0.0,
        "Op-FTR": 0.2,
        "squadId": 11378
    },
    "Thailand": {
        "OffensiveRating": 63.603322949117334,
        "DefensiveRating": 113.13708260105449,
        "Pace": 84.03999999999999,
        "eFG": 0.32727272727272727,
        "TOV": 0.23445212240868704,
        "ORP": 0.4444444444444444,
        "FTR": 0.2909090909090909,
        "Op-eFG": 0.5833333333333334,
        "Op-TOV": 0.14135702746365103,
        "Op-ORP": 0.6153846153846154,
        "Op-FTR": 0.20512820512820512,
        "squadId": 11379
    }
}