{
    "OffensiveRating": 103.87636179376743,
    "DefensiveRating": 93.92334846192638,
    "NetRating": 9.95301333184105,
    "Pace": 79.13,
    "eFG": 0.4897959183673469,
    "TOV": 0.14063176114236262,
    "ORP": 0.36,
    "FTR": 0.1836734693877551,
    "Op-eFG": 0.4375,
    "Op-TOV": 0.16433418150975404,
    "Op-ORP": 0.38461538461538464,
    "Op-FTR": 0.2152777777777778
}