{
    "OffensiveRating": 92.71822704658526,
    "DefensiveRating": 81.13700718797648,
    "NetRating": 11.581219858608776,
    "Pace": 90.13,
    "eFG": 0.4897959183673469,
    "TOV": 0.14063176114236262,
    "ORP": 0.5714285714285714,
    "FTR": 0.1836734693877551,
    "Op-eFG": 0.4375,
    "Op-TOV": 0.16433418150975404,
    "Op-ORP": 0.625,
    "Op-FTR": 0.2152777777777778
}