{
    "ROC-A": {
        "adv_stats": {
            "OffensiveRating": 91.76908150064682,
            "DefensiveRating": 74.87653337581648,
            "NetRating": 16.89254812483034,
            "Pace": 83.07333333333334,
            "eFG": 0.43908629441624364,
            "TOV": 0.17730496453900707,
            "ORP": 0.24786324786324787,
            "FTR": 0.350253807106599,
            "Op-eFG": 0.41044776119402987,
            "Op-TOV": 0.20949720670391062,
            "Op-ORP": 0.19090909090909092,
            "Op-FTR": 0.15920398009950248
        },
        "team_totals": {
            "fieldGoalsMade": 76,
            "fieldGoalsAttempted": 197,
            "threePointersMade": 21,
            "freeThrowsAttempted": 69,
            "turnovers": 49,
            "squadOffensiveRebounds": 29,
            "squadDefensiveRebounds": 89,
            "fastBreakPoints": 31,
            "pointsOffTurnovers": 41,
            "secondChancePoints": 15,
            "benchPoints": 81,
            "largestLead": 45,
            "largestScoringRun": 41,
            "leadChanges": 3,
            "pointsInPaint": 96,
            "Op-fieldGoalsMade": 72,
            "Op-fieldGoalsAttempted": 201,
            "Op-threePointersMade": 21,
            "Op-freeThrowsAttempted": 32,
            "Op-turnovers": 57,
            "Op-squadOffensiveRebounds": 21,
            "Op-squadDefensiveRebounds": 88,
            "Op-fastBreakPoints": 23,
            "Op-pointsOffTurnovers": 38,
            "Op-secondChancePoints": 19,
            "Op-benchPoints": 79,
            "Op-largestLead": 27,
            "Op-largestScoringRun": 26,
            "Op-leadChanges": 3,
            "Op-pointsInPaint": 82,
            "teamMinutesPlayed": 600.0,
            "Op-teamMinutesPlayed": 600.0,
            "possessions": 247.36,
            "Op-possessions": 251.07999999999998,
            "score": 227,
            "Op-score": 188
        }
    },
    "ROC-WUG": {
        "adv_stats": {
            "OffensiveRating": 76.91062176165802,
            "DefensiveRating": 91.3515238551141,
            "NetRating": -14.440902093456074,
            "Pace": 82.95333333333333,
            "eFG": 0.37559808612440193,
            "TOV": 0.16541685046316718,
            "ORP": 0.211864406779661,
            "FTR": 0.19617224880382775,
            "Op-eFG": 0.42142857142857143,
            "Op-TOV": 0.1714207350521119,
            "Op-ORP": 0.3228346456692913,
            "Op-FTR": 0.34285714285714286
        },
        "team_totals": {
            "fieldGoalsMade": 68,
            "fieldGoalsAttempted": 209,
            "threePointersMade": 21,
            "freeThrowsAttempted": 41,
            "turnovers": 45,
            "squadOffensiveRebounds": 25,
            "squadDefensiveRebounds": 86,
            "fastBreakPoints": 25,
            "pointsOffTurnovers": 20,
            "secondChancePoints": 19,
            "benchPoints": 96,
            "largestLead": 27,
            "largestScoringRun": 23,
            "leadChanges": 6,
            "pointsInPaint": 64,
            "Op-fieldGoalsMade": 77,
            "Op-fieldGoalsAttempted": 210,
            "Op-threePointersMade": 23,
            "Op-freeThrowsAttempted": 72,
            "Op-turnovers": 50,
            "Op-squadOffensiveRebounds": 41,
            "Op-squadDefensiveRebounds": 93,
            "Op-fastBreakPoints": 38,
            "Op-pointsOffTurnovers": 25,
            "Op-secondChancePoints": 35,
            "Op-benchPoints": 101,
            "Op-largestLead": 47,
            "Op-largestScoringRun": 41,
            "Op-leadChanges": 6,
            "Op-pointsInPaint": 98,
            "teamMinutesPlayed": 600.0,
            "Op-teamMinutesPlayed": 600.0,
            "possessions": 247.04000000000002,
            "Op-possessions": 250.68,
            "score": 190,
            "Op-score": 229
        }
    },
    "Japan": {
        "adv_stats": {
            "OffensiveRating": 101.21457489878543,
            "DefensiveRating": 71.05617221661622,
            "NetRating": 30.15840268216921,
            "Pace": 80.80666666666666,
            "eFG": 0.47345132743362833,
            "TOV": 0.15932203389830507,
            "ORP": 0.43636363636363634,
            "FTR": 0.22123893805309736,
            "Op-eFG": 0.3596938775510204,
            "Op-TOV": 0.1815793540411065,
            "Op-ORP": 0.19090909090909092,
            "Op-FTR": 0.1836734693877551
        },
        "team_totals": {
            "fieldGoalsMade": 93,
            "fieldGoalsAttempted": 226,
            "threePointersMade": 28,
            "freeThrowsAttempted": 50,
            "turnovers": 47,
            "squadOffensiveRebounds": 48,
            "squadDefensiveRebounds": 89,
            "fastBreakPoints": 47,
            "pointsOffTurnovers": 24,
            "secondChancePoints": 42,
            "benchPoints": 131,
            "largestLead": 91,
            "largestScoringRun": 51,
            "leadChanges": 15,
            "pointsInPaint": 110,
            "Op-fieldGoalsMade": 62,
            "Op-fieldGoalsAttempted": 196,
            "Op-threePointersMade": 17,
            "Op-freeThrowsAttempted": 36,
            "Op-turnovers": 47,
            "Op-squadOffensiveRebounds": 21,
            "Op-squadDefensiveRebounds": 62,
            "Op-fastBreakPoints": 13,
            "Op-pointsOffTurnovers": 16,
            "Op-secondChancePoints": 13,
            "Op-benchPoints": 72,
            "Op-largestLead": 14,
            "Op-largestScoringRun": 20,
            "Op-leadChanges": 15,
            "Op-pointsInPaint": 72,
            "teamMinutesPlayed": 600.0,
            "Op-teamMinutesPlayed": 600.0,
            "possessions": 247.0,
            "Op-possessions": 237.83999999999997,
            "score": 250,
            "Op-score": 169
        }
    },
    "South Korea": {
        "adv_stats": {
            "OffensiveRating": 105.59113726847846,
            "DefensiveRating": 87.47464503042596,
            "NetRating": 18.1164922380525,
            "Pace": 77.95333333333333,
            "eFG": 0.5,
            "TOV": 0.13649107274605282,
            "ORP": 0.37037037037037035,
            "FTR": 0.14545454545454545,
            "Op-eFG": 0.4236453201970443,
            "Op-TOV": 0.18008932430485522,
            "Op-ORP": 0.3504273504273504,
            "Op-FTR": 0.27586206896551724
        },
        "team_totals": {
            "fieldGoalsMade": 94,
            "fieldGoalsAttempted": 220,
            "threePointersMade": 32,
            "freeThrowsAttempted": 32,
            "turnovers": 37,
            "squadOffensiveRebounds": 40,
            "squadDefensiveRebounds": 76,
            "fastBreakPoints": 30,
            "pointsOffTurnovers": 33,
            "secondChancePoints": 42,
            "benchPoints": 94,
            "largestLead": 60,
            "largestScoringRun": 33,
            "leadChanges": 10,
            "pointsInPaint": 118,
            "Op-fieldGoalsMade": 74,
            "Op-fieldGoalsAttempted": 203,
            "Op-threePointersMade": 24,
            "Op-freeThrowsAttempted": 56,
            "Op-turnovers": 50,
            "Op-squadOffensiveRebounds": 41,
            "Op-squadDefensiveRebounds": 68,
            "Op-fastBreakPoints": 22,
            "Op-pointsOffTurnovers": 14,
            "Op-secondChancePoints": 29,
            "Op-benchPoints": 75,
            "Op-largestLead": 11,
            "Op-largestScoringRun": 31,
            "Op-leadChanges": 10,
            "Op-pointsInPaint": 76,
            "teamMinutesPlayed": 600.0,
            "Op-teamMinutesPlayed": 600.0,
            "possessions": 231.07999999999998,
            "Op-possessions": 236.64,
            "score": 244,
            "Op-score": 207
        }
    },
    "Philippines": {
        "adv_stats": {
            "OffensiveRating": 83.64001338240213,
            "DefensiveRating": 101.13835376532401,
            "NetRating": -17.49834038292188,
            "Pace": 77.92,