{
    "ROC-A": {
        "OffensiveRating": 77.23833543505675,
        "DefensiveRating": 68.08697562047001,
        "NetRating": 9.15135981458674,
        "Pace": 93.11,
        "eFG": 0.40601503759398494,
        "TOV": 0.18718801996672213,
        "ORP": 0.4,
        "FTR": 0.39849624060150374,
        "Op-eFG": 0.3715277777777778,
        "Op-TOV": 0.17193208682570385,
        "Op-ORP": 0.3076923076923077,
        "Op-FTR": 0.1597222222222222,
        "squadId": 11374
    },
    "ROC-WUG": {
        "OffensiveRating": 76.15603769449922,
        "DefensiveRating": 82.73608768971332,
        "NetRating": -6.580049995214097,
        "Pace": 93.07,
        "eFG": 0.4117647058823529,
        "TOV": 0.1798169136878814,
        "ORP": 0.1,
        "FTR": 0.2426470588235294,
        "Op-eFG": 0.4154929577464789,
        "Op-TOV": 0.15755234803821916,
        "Op-ORP": 0.5833333333333334,
        "Op-FTR": 0.38028169014084506,
        "squadId": 11375
    },
    "Japan": {
        "OffensiveRating": 94.64057847724372,
        "DefensiveRating": 72.25079598334558,
        "NetRating": 22.38978249389814,
        "Pace": 87.85,
        "eFG": 0.49050632911392406,
        "TOV": 0.1399440223910436,
        "ORP": 0.6666666666666666,
        "FTR": 0.20253164556962025,
        "Op-eFG": 0.3902439024390244,
        "Op-TOV": 0.20549553781117896,
        "Op-ORP": 0.5,
        "Op-FTR": 0.22764227642276422,
        "squadId": 11376
    },
    "South Korea": {
        "OffensiveRating": 92.71822704658526,
        "DefensiveRating": 81.13700718797648,
        "NetRating": 11.581219858608776,
        "Pace": 90.13,
        "eFG": 0.4897959183673469,
        "TOV": 0.14063176114236262,
        "ORP": 0.5714285714285714,
        "FTR": 0.1836734693877551,
        "Op-eFG": 0.4375,
        "Op-TOV": 0.16433418150975404,
        "Op-ORP": 0.625,
        "Op-FTR": 0.2152777777777778,
        "squadId": 11377
    },
    "Philippines": {
        "OffensiveRating": 81.08725445408862,
        "DefensiveRating": 81.97611292073833,
        "NetRating": -0.8888584666497081,
        "Pace": 89.83000000000001,
        "eFG": 0.445578231292517,
        "TOV": 0.1466434933738866,
        "ORP": 0.5294117647058824,
        "FTR": 0.1564625850340136,
        "Op-eFG": 0.45454545454545453,
        "Op-TOV": 0.16559829059829062,
        "Op-ORP": 0.3333333333333333,
        "Op-FTR": 0.2097902097902098,
        "squadId": 11378
    },
    "Thailand": {
        "OffensiveRating": 67.61523988711194,
        "DefensiveRating": 103.35630140031118,
        "NetRating": -35.74106151319924,
        "Pace": 87.51000000000002,
        "eFG": 0.359375,
        "TOV": 0.19765077930878697,
        "ORP": 0.4375,
        "FTR": 0.25,
        "Op-eFG": 0.5392156862745098,
        "Op-TOV": 0.12956053067993367,
        "Op-ORP": 0.5416666666666666,
        "Op-FTR": 0.2222222222222222,
        "squadId": 11379
    }
}