{
    "GP": 2,
    "average-points": 4,
    "average-assists": 2,
    "average-rebounds": 3.5,
    "average-steals": 0,
    "average-blocks": 0.5,
    "average-turnovers": 2,
    "3P%": 0,
    "FT%": 100,
    "FG%": 30.0,
    "eFG%": 30.0,
    "TS%": 36.764705882352935,
    "2PA": 4,
    "2PM": 3.0,
    "twoPointersPercentage": 75.0,
    "3PA": 6,
    "FTA": 2,
    "AST": 4,
    "FGM": 3.0,
    "FGA": 10,
    "TOV": 4,
    "OREB": 0,
    "DREB": 7.0,
    "TREB": 7.0,
    "2PA%": 33.33333333333333,
    "3PA%": 50.0,
    "FTA%": 16.666666666666664,
    "AST/TOV": 1.0,
    "AST%": 14.298906729422978,
    "OREB%": 0.0,
    "DREB%": 17.96368768845833,
    "TREB%": 9.157958429410128,
    "USG%": 16.110353031103017
}