{
    "ROC-A": {
        "team_id": 11374,
        "adv_stats": {
            "OffensiveRating": 90.70935342121783,
            "DefensiveRating": 86.73026886383349,
            "NetRating": 3.97908455738434,
            "Pace": 80.18,
            "eFG": 0.44534412955465585,
            "TOV": 0.18254420992584142,
            "ORP": 0.22535211267605634,
            "FTR": 0.3643724696356275,
            "Op-eFG": 0.4774436090225564,
            "Op-TOV": 0.19667084710979366,
            "Op-ORP": 0.21374045801526717,
            "Op-FTR": 0.13533834586466165
        },
        "team_totals": {
            "fieldGoalsMade": 97,
            "fieldGoalsAttempted": 247,
            "threePointersMade": 26,
            "threePointersAttempted": 87,
            "freeThrowsAttempted": 90,
            "turnovers": 64,
            "squadOffensiveRebounds": 32,
            "squadDefensiveRebounds": 103,
            "fastBreakPoints": 39,
            "pointsOffTurnovers": 50,
            "secondChancePoints": 17,
            "benchPoints": 102,
            "largestLead": 45,
            "largestScoringRun": 45,
            "leadChanges": 3,
            "pointsInPaint": 122,
            "Op-fieldGoalsMade": 108,
            "Op-fieldGoalsAttempted": 266,
            "Op-threePointersMade": 38,
            "Op-threePointersAttempted": 97,
            "Op-freeThrowsAttempted": 36,
            "Op-turnovers": 69,
            "Op-squadOffensiveRebounds": 28,
            "Op-squadDefensiveRebounds": 110,
            "Op-fastBreakPoints": 33,
            "Op-pointsOffTurnovers": 53,
            "Op-secondChancePoints": 27,
            "Op-benchPoints": 127,
            "Op-largestLead": 59,
            "Op-largestScoringRun": 36,
            "Op-leadChanges": 3,
            "Op-pointsInPaint": 108,
            "teamMinutesPlayed": 800.0,
            "Op-teamMinutesPlayed": 800.0,
            "possessions": 318.6,
            "Op-possessions": 322.84,
            "score": 289,
            "Op-score": 280
        }
    },
    "ROC-WUG": {
        "team_id": 11375,
        "adv_stats": {
            "OffensiveRating": 89.59466139396936,
            "DefensiveRating": 81.77853162103223,
            "NetRating": 7.816129772937131,
            "Pace": 81.73,
            "eFG": 0.43448275862068964,
            "TOV": 0.15040472544301028,
            "ORP": 0.2727272727272727,
            "FTR": 0.16206896551724137,
            "Op-eFG": 0.3795620437956204,
            "Op-TOV": 0.17840277049008288,
            "Op-ORP": 0.2897727272727273,
            "Op-FTR": 0.3248175182481752
        },
        "team_totals": {
            "fieldGoalsMade": 107,
            "fieldGoalsAttempted": 290,
            "threePointersMade": 38,
            "threePointersAttempted": 117,
            "freeThrowsAttempted": 47,
            "turnovers": 55,
            "squadOffensiveRebounds": 42,
            "squadDefensiveRebounds": 125,
            "fastBreakPoints": 41,
            "pointsOffTurnovers": 31,
            "secondChancePoints": 39,
            "benchPoints": 146,
            "largestLead": 86,
            "largestScoringRun": 42,
            "leadChanges": 7,
            "pointsInPaint": 92,
            "Op-fieldGoalsMade": 91,
            "Op-fieldGoalsAttempted": 274,
            "Op-threePointersMade": 26,
            "Op-threePointersAttempted": 100,
            "Op-freeThrowsAttempted": 89,
            "Op-turnovers": 68,
            "Op-squadOffensiveRebounds": 51,
            "Op-squadDefensiveRebounds": 112,
            "Op-fastBreakPoints": 41,
            "Op-pointsOffTurnovers": 27,
            "Op-secondChancePoints": 43,
            "Op-benchPoints": 115,
            "Op-largestLead": 49,
            "Op-largestScoringRun": 47,
            "Op-leadChanges": 7,
            "Op-pointsInPaint": 116,
            "teamMinutesPlayed": 800.0,
            "Op-teamMinutesPlayed": 800.0,
            "possessions": 323.68,
            "Op-possessions": 330.16,
            "score": 290,
            "Op-score": 270
        }
    },
    "Japan": {
        "team_id": 11376,
        "adv_stats": {
            "OffensiveRating": 105.93742301059372,
            "DefensiveRating": 76.56919586589362,
            "NetRating": 29.3682271447001,
            "Pace": 80.25999999999999,
            "eFG": 0.5051020408163265,
            "TOV": 0.1593854515050167,
            "ORP": 0.4142857142857143,
            "FTR": 0.21428571428571427,
            "Op-eFG": 0.39444444444444443,
            "Op-TOV": 0.1717426150675521,
            "Op-ORP": 0.21333333333333335,
            "Op-FTR": 0.16296296296296298
        },
        "team_totals": {
            "fieldGoalsMade": 129,
            "fieldGoalsAttempted": 294,
            "threePointersMade": 39,
            "threePointersAttempted": 116,
            "freeThrowsAttempted": 63,
            "turnovers": 61,
            "squadOffensiveRebounds": 58,
            "squadDefensiveRebounds": 118,
            "fastBreakPoints": 71,
            "pointsOffTurnovers": 40,
            "secondChancePoints": 57,
            "benchPoints": 179,
            "largestLead": 111,
            "largestScoringRun": 63,
            "leadChanges": 20,
            "pointsInPaint": 156,
            "Op-fieldGoalsMade": 95,
            "Op-fieldGoalsAttempted": 270,
            "Op-threePointersMade": 23,
            "Op-threePointersAttempted": 97,
            "Op-freeThrowsAttempted": 44,
            "Op-turnovers": 60,
            "Op-squadOffensiveRebounds": 32,
            "Op-squadDefensiveRebounds": 82,
            "Op-fastBreakPoints": 25,
            "Op-pointsOffTurnovers": 30,
            "Op-secondChancePoints": 25,
            "Op-benchPoints": 91,
            "Op-largestLead": 24,
            "Op-largestScoringRun": 27,
            "Op-leadChanges": 20,
            "Op-pointsInPaint": 114,
            "teamMinutesPlayed": 800.0,
            "Op-teamMinutesPlayed": 800.0,
            "possessions": 324.72,
            "Op-possessions": 317.36,
            "score": 344,
            "Op-score": 243
        }
    },
    "South Korea": {
        "team_id": 11377,
        "adv_stats": {
            "OffensiveRating": 110.94967639677718,
            "DefensiveRating": 87.37170326101078,
            "NetRating": 23.5779731357664,
            "Pace": 76.34,
            "eFG": 0.5421052631578948,
            "TOV": 0.14006402927052367,
            "ORP": 0.3643410852713178,
            "FTR": 0.12631578947368421,
            "Op-eFG": 0.43280632411067194,
            "Op-TOV": 0.18472206434011595,
            "Op-ORP": 0.30985915492957744,
            "Op-FTR": 0.30434782608695654
        },
        "team_totals": {
            "fieldGoalsMade": 130,
            "fieldGoalsAttempted": 285,
            "threePointersMade": 49,
            "threePointersAttempted": 133,
            "freeThrowsAttempted": 36,
            "turnovers": 49,
            "squadOffensiveRebounds": 47,
            "squadDefensiveRebounds": 98,
            "fastBreakPoints": 40,
            "pointsOffTurnovers": 48,
            "secondChancePoints": 50,
            "benchPoints": 142,
            "largestLead": 92,
            "largestScoringRun": 43,
            "leadChanges": 10,
            "pointsInPaint": 144,
            "Op-fieldGoalsMade": 95,
            "Op-fieldGoalsAttempted": 253,
            "Op-threePointersMade": 29,
            "Op-threePointersAttempted": 87,
            "Op-freeThrowsAttempted": 77,
            "Op-turnovers": 65,
            "Op-squadOffensiveRebounds": 44,
            "Op-squadDefensiveRebounds": 82,
            "Op-fastBreakPoints": 30,
            "Op-pointsOffTurnovers": 23,
            "Op-secondChancePoints": 31,
            "Op-benchPoints": 96,
            "Op-largestLead": 11,
            "Op-largestScoringRun": 35,
            "Op-leadChanges": 10,
            "Op-pointsInPaint": 102,
            "teamMinutesPlayed": 800.0,